CustomerID,Full_Name,Email,Mobile_no,LoginByUsing,Gender,DOB,Anniversary,Rating,Preferences,CreatedDate,ModifiedDate
12546,Luke Baria,lukebaria489@gmail.com,7430550271,Apple_ID,Male,1982-11-24,2011-11-17,3.4,"{""FoodPreference"": ""Veg"", ""CuisineTypes"": [""Mediterranean"", ""South Indian""]}",2022-05-12 07:38:46,2024-06-13 04:00:43
6973,Lajita Bains,lajitabains248@gmail.com,8976737761,GMail_Account,Female,2003-08-31,,4.2,"{""FoodPreference"": ""Eggetarian"", ""CuisineTypes"": [""Mediterranean"", ""Thai""]}",2021-06-23 19:39:38,2021-07-23 10:22:08
17618,Tanmayi Modi,tanmayimodi836@gmail.com,8356478884,Apple_ID,Female,1977-09-15,,3.0,"{""FoodPreference"": ""Eggetarian"", ""CuisineTypes"": [""Street Food""]}",2020-06-23 02:36:15,2025-03-11 01:59:01
8534,Gavin Sen,gavinsen486@outlook.com,7699275987,Other_EMail,Male,1979-10-16,,4.2,"{""FoodPreference"": ""Veg"", ""CuisineTypes"": [""Chinese""]}",2020-05-06 13:12:17,2022-07-11 07:11:11
17485,Yadavi Karnik,yadavikarnik156@hotmail.com,9593566064,GMail_Account,Female,1990-12-26,2011-12-21,3.6,"{""FoodPreference"": ""Vegan"", ""CuisineTypes"": [""Japanese"", ""North Indian"", ""South Indian""]}",2022-10-31 04:50:03,2023-03-19 18:30:01
11570,Omisha Sagar,omishasagar987@gmail.com,8603859448,Apple_ID,Female,1961-08-02,1988-07-26,3.2,"{""FoodPreference"": ""Veg"", ""CuisineTypes"": [""Mexican"", ""South Indian""]}",2023-07-08 03:21:48,2025-01-02 05:21:28
10060,Neha Virk,nehavirk223@yahoo.com,9669974032,GMail_Account,Female,2000-12-24,,3.7,"{""FoodPreference"": ""Veg"", ""CuisineTypes"": [""Street Food"", ""Continental"", ""Chinese"", ""Mediterranean"", ""Italian""]}",2022-04-17 02:18:45,2022-09-22 09:52:28
1273,Leena Sawhney,leenasawhney667@yahoo.com,9784473344,Other_EMail,Female,1955-12-15,,4.4,"{""FoodPreference"": ""Vegan"", ""CuisineTypes"": [""Street Food"", ""Mexican""]}",2022-07-28 05:42:27,2024-06-18 17:37:03
13885,Rachit Jain,neelhari697@yahoo.com,8188698834,Other_EMail,Male,1984-03-19,2013-03-12,3.7,"{""FoodPreference"": ""Vegan"", ""CuisineTypes"": [""Mexican""]}",2023-11-27 07:48:30,2024-11-06 15:18:25
14482,Kabir Kurian,nakshswamy978@hotmail.com,8454070287,Apple_ID,Male,1990-07-18,,4.2,"{""FoodPreference"": ""Veg"", ""CuisineTypes"": [""Street Food"", ""Chinese"", ""Japanese"", ""South Indian""]}",2023-05-18 14:30:10,2023-08-03 11:37:04
14123,Varsha Gopal,varshagopal264@yahoo.com,8964943883,Apple_ID,Female,1988-02-11,2007-02-06,3.4,"{""FoodPreference"": ""Veg"", ""CuisineTypes"": [""North Indian"", ""Chinese"", ""Street Food"", ""Italian"", ""Japanese""]}",2024-11-25 12:24:44,2024-12-13 17:36:30
3934,Odika Taneja,odikataneja257@outlook.com,7544986274,Other_EMail,Female,1970-11-10,1991-11-05,4.0,"{""FoodPreference"": ""Eggetarian"", ""CuisineTypes"": [""South Indian"", ""Street Food""]}",2025-03-03 10:58:42,2025-03-21 19:39:33
18105,Chakradev Vyas,chakradevvyas804@outlook.com,8681064900,Other_EMail,Male,1972-05-10,1994-05-05,3.1,"{""FoodPreference"": ""Eggetarian"", ""CuisineTypes"": [""Continental""]}",2022-06-20 20:07:56,2023-06-17 06:50:17
10834,Jatin Zachariah,jatinzachariah233@yahoo.com,8556765487,Apple_ID,Male,1949-08-06,1974-07-31,3.9,"{""FoodPreference"": ""Non-Veg"", ""CuisineTypes"": [""Mexican"", ""South Indian"", ""Street Food""]}",2024-05-25 14:42:57,2024-12-06 17:31:43
2892,Manan Sankaran,manansankaran517@yahoo.com,8085526116,Other_EMail,Male,1996-05-14,2015-05-10,4.8,"{""FoodPreference"": ""Non-Veg"", ""CuisineTypes"": [""Japanese"", ""Chinese"", ""Italian"", ""Mexican""]}",2022-10-24 21:36:35,2023-12-02 13:58:10
13766,Pushti Khare,tarahans738@hotmail.com,9228493468,Other_EMail,Female,1977-03-03,,5.0,"{""FoodPreference"": ""Vegan"", ""CuisineTypes"": [""Chinese"", ""Italian"", ""North Indian""]}",2020-08-28 23:14:44,2023-05-23 20:06:17
11572,Janaki Devan,janakidevan182@gmail.com,7260283664,Other_EMail,Female,2008-04-15,,4.4,"{""FoodPreference"": ""Vegan"", ""CuisineTypes"": [""Mexican"", ""Japanese"", ""Italian"", ""Street Food"", ""South Indian""]}",2021-12-12 13:43:30,2023-01-02 18:17:46
19292,Yachana Kakar,paninisaraf211@hotmail.com,7873648920,Other_EMail,Other,1955-03-14,1973-03-09,3.4,"{""FoodPreference"": ""Non-Veg"", ""CuisineTypes"": [""Continental"", ""Mexican"", ""Mediterranean""]}",2025-03-22 16:42:14,2025-03-25 03:17:52
6100,Ria Chad,riachad907@yahoo.com,8498878798,GMail_Account,Female,2008-12-25,,3.2,"{""FoodPreference"": ""Non-Veg"", ""CuisineTypes"": [""Street Food"", ""Chinese"", ""Thai""]}",2021-05-08 11:14:42,2021-07-22 12:36:16
19988,Shravya Raman,shravyaraman423@hotmail.com,7036057450,Apple_ID,Female,1977-08-10,1996-08-05,4.7,"{""FoodPreference"": ""Veg"", ""CuisineTypes"": [""Street Food""]}",2022-03-12 15:46:40,2023-09-07 08:06:41
4232,Anita Gopal,anitagopal919@outlook.com,7413699442,Apple_ID,Female,2000-03-02,2021-02-25,3.3,"{""FoodPreference"": ""Veg"", ""CuisineTypes"": [""Mediterranean"", ""South Indian"", ""Chinese""]}",2023-03-21 16:07:15,2023-06-25 23:39:49
3805,Baljiwan Chaudhuri,baljiwanchaudhuri375@yahoo.com,8668511955,Other_EMail,Other,1957-11-27,1976-11-22,4.8,"{""FoodPreference"": ""Non-Veg"", ""CuisineTypes"": [""Thai"", ""North Indian"", ""Street Food"", ""Japanese"", ""Continental""]}",2021-01-13 00:35:18,2021-10-17 12:22:33
4166,Yauvani Wagle,yauvaniwagle235@hotmail.com,7286337772,GMail_Account,Female,1979-09-05,1997-08-31,4.5,"{""FoodPreference"": ""Eggetarian"", ""CuisineTypes"": [""Mexican"", ""South Indian"", ""Thai"", ""Mediterranean""]}",2020-09-07 12:18:22,2023-07-29 20:27:31
2150,Teerth Minhas,teerthminhas527@gmail.com,8896364121,Other_EMail,Male,1970-07-03,1990-06-28,3.6,"{""FoodPreference"": ""Vegan"", ""CuisineTypes"": [""Street Food""]}",2020-12-01 03:04:07,2024-02-11 20:25:24
18513,Sneha Balan,snehabalan616@hotmail.com,7489880115,Apple_ID,Female,1989-05-27,2008-05-22,3.1,"{""FoodPreference"": ""Vegan"", ""CuisineTypes"": [""Continental"", ""Chinese"", ""Street Food""]}",2020-06-24 04:49:21,2024-08-24 12:54:56
11699,Nirja Cherian,lipikasrinivas582@hotmail.com,8653107696,Apple_ID,Female,1980-06-24,,3.4,"{""FoodPreference"": ""Vegan"", ""CuisineTypes"": [""Mediterranean"", ""South Indian""]}",2023-07-09 14:57:45,2023-09-16 06:14:25
12761,Bina Ramakrishnan,unnisachdev247@hotmail.com,7641933945,GMail_Account,Female,1988-12-27,2013-12-21,4.0,"{""FoodPreference"": ""Vegan"", ""CuisineTypes"": [""Continental"", ""South Indian""]}",2021-03-23 19:22:12,2024-04-12 01:57:52
9063,Zansi Pandit,zansipandit683@gmail.com,8913612481,GMail_Account,Female,1974-10-23,1995-10-18,3.3,"{""FoodPreference"": ""Vegan"", ""CuisineTypes"": [""North Indian"", ""Italian"", ""Chinese"", ""Continental"", ""Thai""]}",2022-05-10 07:06:31,2023-09-02 04:34:35
2060,Peter Ram,peterram347@gmail.com,7508757504,GMail_Account,Male,1968-06-30,1987-06-26,4.8,"{""FoodPreference"": ""Non-Veg"", ""CuisineTypes"": [""Japanese"", ""Thai"", ""South Indian"", ""North Indian"", ""Mexican""]}",2021-11-15 16:46:41,2022-02-01 22:44:30
6823,Krishna Halder,krishnahalder828@outlook.com,9821594275,Other_EMail,Male,1963-07-18,1986-07-12,4.0,"{""FoodPreference"": ""Veg"", ""CuisineTypes"": [""Thai"", ""Italian"", ""Street Food""]}",2024-01-08 09:23:19,2024-03-28 16:43:43
5017,Arjun Bava,arjunbava162@gmail.com,9448969727,Other_EMail,Male,1987-05-14,2013-05-07,4.9,"{""FoodPreference"": ""Non-Veg"", ""CuisineTypes"": [""Street Food"", ""Italian"", ""North Indian"", ""South Indian"", ""Continental""]}",2024-09-11 07:07:50,2025-04-15 00:04:42
19608,Hardik Kothari,hardikkothari371@yahoo.com,8784289062,Other_EMail,Male,1950-07-06,,3.1,"{""FoodPreference"": ""Non-Veg"", ""CuisineTypes"": [""Mexican"", ""South Indian""]}",2025-03-01 04:42:11,2025-03-18 11:36:34
8964,Tamanna Kalita,tamannakalita598@outlook.com,7489933086,Other_EMail,Female,2002-08-14,2021-08-09,4.2,"{""FoodPreference"": ""Vegan"", ""CuisineTypes"": [""Mediterranean"", ""Street Food"", ""South Indian"", ""Continental""]}",2024-07-06 07:18:12,2024-09-08 15:20:20
488,Adya Sankaran,adyasankaran877@outlook.com,9117597502,GMail_Account,Female,1981-03-06,,4.6,"{""FoodPreference"": ""Veg"", ""CuisineTypes"": [""Italian"", ""North Indian""]}",2021-03-30 22:08:50,2023-01-07 16:54:32
9212,Shivani Hans,shivanihans503@hotmail.com,8159923444,Other_EMail,Female,1950-07-26,,4.6,"{""FoodPreference"": ""Non-Veg"", ""CuisineTypes"": [""Italian"", ""North Indian"", ""South Indian"", ""Thai""]}",2023-08-14 01:55:32,2023-09-29 18:25:43
18451,Baljiwan Hans,baljiwanhans698@gmail.com,9107132281,Apple_ID,Male,2005-06-22,,3.4,"{""FoodPreference"": ""Veg"", ""CuisineTypes"": [""Japanese""]}",2021-07-14 06:44:54,2023-12-20 10:07:04
2217,Watika Doctor,watikadoctor109@yahoo.com,9114661168,GMail_Account,Female,1990-07-20,2016-07-13,4.8,"{""FoodPreference"": ""Eggetarian"", ""CuisineTypes"": [""South Indian"", ""Street Food""]}",2024-01-06 02:46:08,2024-06-06 19:21:57
13690,Dev Desai,devdesai146@outlook.com,7692217854,GMail_Account,Male,1980-09-28,2010-09-21,3.6,"{""FoodPreference"": ""Vegan"", ""CuisineTypes"": [""Mediterranean"", ""Japanese"", ""South Indian""]}",2021-03-19 01:13:11,2022-09-03 08:38:33
5490,Chavvi Sastry,chavvisastry178@outlook.com,9034898950,Other_EMail,Female,1972-11-09,,4.8,"{""FoodPreference"": ""Eggetarian"", ""CuisineTypes"": [""South Indian"", ""Continental""]}",2020-11-14 04:47:47,2021-07-08 14:05:29
7355,Lopa Dasgupta,lopadasgupta675@hotmail.com,8990243644,GMail_Account,Female,1978-04-19,1996-04-14,4.4,"{""FoodPreference"": ""Eggetarian"", ""CuisineTypes"": [""Street Food"", ""North Indian"", ""Japanese""]}",2020-12-28 15:10:23,2025-01-11 08:40:27
7628,Lohit Chanda,lohitchanda543@outlook.com,8669781901,Apple_ID,Male,1950-04-16,,3.0,"{""FoodPreference"": ""Vegan"", ""CuisineTypes"": [""Street Food""]}",2021-03-24 08:43:58,2024-02-12 15:22:38
1375,Saanvi Vyas,saanvivyas926@hotmail.com,8558134118,Other_EMail,Female,1969-02-06,1987-02-02,4.4,"{""FoodPreference"": ""Eggetarian"", ""CuisineTypes"": [""Continental"", ""Mediterranean""]}",2020-09-11 09:48:17,2023-01-08 11:04:31
11355,Bhavna Babu,bhavnababu157@outlook.com,9898784330,Other_EMail,Female,1978-08-05,2004-07-29,5.0,"{""FoodPreference"": ""Vegan"", ""CuisineTypes"": [""Continental""]}",2021-04-04 05:47:28,2022-10-13 14:11:45
10018,Aachal Grover,aachalgrover710@outlook.com,7564209584,GMail_Account,Female,1961-03-03,1982-02-26,3.0,"{""FoodPreference"": ""Veg"", ""CuisineTypes"": [""Street Food"", ""Thai""]}",2024-05-08 22:28:19,2024-10-18 10:17:31
16211,Ojas Loke,ojasloke577@gmail.com,7651269517,GMail_Account,Male,1993-05-09,2014-05-04,3.6,"{""FoodPreference"": ""Eggetarian"", ""CuisineTypes"": [""Mediterranean"", ""Street Food"", ""Chinese"", ""North Indian"", ""Mexican""]}",2021-01-27 02:40:23,2023-05-23 21:33:25
10981,Champak Rana,champakrana964@yahoo.com,9513810270,Other_EMail,Male,2006-12-06,,3.1,"{""FoodPreference"": ""Non-Veg"", ""CuisineTypes"": [""Continental"", ""Italian"", ""North Indian""]}",2020-06-14 17:46:52,2020-06-15 19:28:40
6093,Onveer Arya,chaitanyamahal60@yahoo.com,7898894858,GMail_Account,Male,1959-02-02,1988-01-26,3.9,"{""FoodPreference"": ""Veg"", ""CuisineTypes"": [""Street Food"", ""Japanese"", ""Mexican"", ""Thai""]}",2024-07-10 03:46:14,2025-02-16 01:59:48
17649,Pushti Raj,sachisarin811@yahoo.com,8403307640,GMail_Account,Female,1959-11-29,1988-11-21,3.1,"{""FoodPreference"": ""Vegan"", ""CuisineTypes"": [""North Indian""]}",2021-01-28 12:37:09,2023-08-21 15:18:42
11552,Hemang Bhargava,hemangbhargava911@hotmail.com,8642874022,GMail_Account,Male,2009-07-31,,4.3,"{""FoodPreference"": ""Eggetarian"", ""CuisineTypes"": [""Street Food""]}",2021-01-09 05:34:36,2022-08-10 18:19:49
14925,Arya Verma,aryaverma232@hotmail.com,9783655327,Other_EMail,Female,2003-08-01,2023-07-27,3.6,"{""FoodPreference"": ""Non-Veg"", ""CuisineTypes"": [""Chinese"", ""Mexican""]}",2023-09-15 11:30:31,2024-06-07 05:44:08
14953,Madhavi Sarna,madhavisarna300@hotmail.com,8470068665,Other_EMail,Female,1975-03-11,1993-03-06,3.8,"{""FoodPreference"": ""Non-Veg"", ""CuisineTypes"": [""Japanese"", ""Italian"", ""Mexican"", ""Mediterranean""]}",2022-10-09 04:36:39,2023-03-27 06:25:24
14861,Aashi Dubey,aashidubey551@yahoo.com,7806940293,GMail_Account,Female,1956-06-08,,4.0,"{""FoodPreference"": ""Non-Veg"", ""CuisineTypes"": [""Street Food"", ""Mexican""]}",2020-07-26 07:50:06,2023-12-21 03:34:08
5299,Tarak Behl,tarakbehl978@yahoo.com,8572586181,Apple_ID,Male,1988-01-30,,4.0,"{""FoodPreference"": ""Veg"", ""CuisineTypes"": [""South Indian""]}",2024-06-30 10:59:42,2025-04-04 18:36:51
3382,Manya Bath,jyotideo213@yahoo.com,7170506254,GMail_Account,Female,2005-02-15,,3.2,"{""FoodPreference"": ""Eggetarian"", ""CuisineTypes"": [""Street Food"", ""Chinese"", ""Mediterranean"", ""North Indian"", ""Italian""]}",2023-12-18 18:06:39,2024-01-30 21:49:31
1870,Krish Anand,krishanand320@yahoo.com,8778816379,GMail_Account,Male,1974-07-16,1997-07-10,4.2,"{""FoodPreference"": ""Veg"", ""CuisineTypes"": [""South Indian"", ""Mediterranean"", ""Street Food"", ""Japanese""]}",2020-11-25 20:22:22,2022-01-15 19:19:54
3504,Ishaan Chandran,ishaanchandran825@yahoo.com,7720730063,Other_EMail,Male,1986-07-30,2004-07-25,4.2,"{""FoodPreference"": ""Vegan"", ""CuisineTypes"": [""Japanese"", ""Thai"", ""North Indian"", ""Continental""]}",2024-04-11 03:29:43,2025-03-03 12:01:00
4063,Ishita Dar,upmaghose445@hotmail.com,7427490333,Apple_ID,Female,1982-01-03,2006-12-28,4.2,"{""FoodPreference"": ""Veg"", ""CuisineTypes"": [""Continental"", ""North Indian""]}",2022-08-20 14:12:47,2025-03-21 20:42:21
14864,Warhi Das,warhidas273@outlook.com,8612010703,Apple_ID,Female,2003-12-01,,3.8,"{""FoodPreference"": ""Vegan"", ""CuisineTypes"": [""Japanese""]}",2022-12-11 14:05:59,2024-08-12 02:19:32
7927,Rayaan Parmar,rayaanparmar567@gmail.com,7236975818,Other_EMail,Male,1987-06-12,2015-06-05,4.5,"{""FoodPreference"": ""Veg"", ""CuisineTypes"": [""Mexican"", ""Mediterranean"", ""South Indian""]}",2021-08-24 09:47:57,2024-05-12 01:54:37
7634,Falguni Bhatti,falgunibhatti558@outlook.com,8026566167,Apple_ID,Female,1956-05-11,,3.4,"{""FoodPreference"": ""Vegan"", ""CuisineTypes"": [""Street Food""]}",2020-04-23 13:00:15,2021-02-28 01:54:08
7635,Lila Raj,lilaraj440@hotmail.com,8494896523,GMail_Account,Female,1983-11-08,,3.1,"{""FoodPreference"": ""Eggetarian"", ""CuisineTypes"": [""North Indian"", ""Mediterranean"", ""South Indian"", ""Mexican"", ""Street Food""]}",2024-07-31 20:48:37,2024-10-13 02:40:07
19788,Peter Suresh,petersuresh4@outlook.com,9680626470,Other_EMail,Male,1969-04-25,1993-04-19,3.2,"{""FoodPreference"": ""Eggetarian"", ""CuisineTypes"": [""Street Food"", ""Chinese"", ""Continental""]}",2020-05-17 16:49:13,2020-08-28 10:55:07
5487,Eiravati Sahni,eiravatisahni307@gmail.com,7587009096,Other_EMail,Female,2002-12-24,,3.6,"{""FoodPreference"": ""Eggetarian"", ""CuisineTypes"": [""Continental"", ""South Indian"", ""Street Food"", ""Mexican"", ""Thai""]}",2024-05-02 22:31:58,2024-09-06 21:31:20
8747,Ayush Chacko,ayushchacko985@outlook.com,7616064642,Other_EMail,Male,1953-08-02,,4.1,"{""FoodPreference"": ""Veg"", ""CuisineTypes"": [""Continental"", ""Chinese""]}",2023-04-30 11:23:10,2025-01-29 08:54:43
14190,Maanav Lalla,siddharthsarraf213@yahoo.com,7431376265,Other_EMail,Male,1976-08-29,2005-08-22,4.8,"{""FoodPreference"": ""Veg"", ""CuisineTypes"": [""Thai"", ""South Indian"", ""Japanese"", ""Mediterranean""]}",2023-03-18 18:35:11,2023-05-13 22:35:43
2183,Gaurika Deshmukh,gaurikadeshmukh905@hotmail.com,8339936632,Apple_ID,Female,2007-11-15,,3.1,"{""FoodPreference"": ""Non-Veg"", ""CuisineTypes"": [""South Indian"", ""Mexican"", ""North Indian""]}",2024-04-28 11:48:42,2024-08-10 20:48:22
17608,Laban Iyer,labaniyer797@outlook.com,7989964299,Apple_ID,Male,1983-01-08,2002-01-03,3.1,"{""FoodPreference"": ""Veg"", ""CuisineTypes"": [""Chinese""]}",2025-01-11 13:04:42,2025-02-26 02:45:22
16938,Zayan Chacko,joshuawagle331@hotmail.com,9126402470,Apple_ID,Male,1967-01-06,1994-12-30,4.3,"{""FoodPreference"": ""Veg"", ""CuisineTypes"": [""Italian""]}",2020-10-23 19:38:25,2020-10-27 16:43:28
8753,Chavvi Ahuja,chavviahuja139@outlook.com,8445221069,Other_EMail,Female,1986-01-13,2012-01-07,3.2,"{""FoodPreference"": ""Veg"", ""CuisineTypes"": [""Mediterranean"", ""Japanese"", ""Thai""]}",2021-10-18 17:32:05,2022-12-31 20:26:15
3081,Upma Deep,nitarataneja283@hotmail.com,8479392108,Other_EMail,Female,1966-11-25,,3.4,"{""FoodPreference"": ""Non-Veg"", ""CuisineTypes"": [""Japanese"", ""Mexican"", ""Mediterranean"", ""South Indian"", ""North Indian""]}",2021-02-13 06:32:56,2021-04-12 16:49:18
673,Wazir Balan,wazirbalan253@yahoo.com,8427293459,Other_EMail,Male,1950-10-06,1970-10-01,4.9,"{""FoodPreference"": ""Vegan"", ""CuisineTypes"": [""Chinese"", ""Street Food"", ""Japanese"", ""Mediterranean""]}",2021-01-05 09:32:55,2024-11-20 08:30:22
5987,Abhiram Bava,nathanielsabharwal511@outlook.com,7429609444,Other_EMail,Male,2007-12-08,,4.3,"{""FoodPreference"": ""Vegan"", ""CuisineTypes"": [""Japanese"", ""Mexican"", ""Italian"", ""Continental"", ""Thai""]}",2022-03-22 00:57:11,2025-03-22 11:51:54
857,Manya Andra,manyaandra429@yahoo.com,9371365606,Other_EMail,Female,2004-08-08,,3.4,"{""FoodPreference"": ""Eggetarian"", ""CuisineTypes"": [""Mediterranean"", ""South Indian"", ""Continental"", ""Mexican"", ""Japanese""]}",2024-05-03 21:58:25,2024-07-27 13:29:55
10438,Sachi Behl,vaishnavibaria884@gmail.com,8270575827,Other_EMail,Female,1965-05-24,,5.0,"{""FoodPreference"": ""Veg"", ""CuisineTypes"": [""South Indian""]}",2021-03-13 04:34:14,2021-06-14 14:32:00
3701,Jalsa Bawa,meghapal33@yahoo.com,9122505237,Other_EMail,Female,1964-09-13,,4.5,"{""FoodPreference"": ""Vegan"", ""CuisineTypes"": [""Mexican""]}",2024-08-09 15:52:27,2025-04-07 15:30:53
13110,Bishakha Banerjee,bishakhabanerjee136@outlook.com,7011323077,GMail_Account,Female,2007-02-11,,3.1,"{""FoodPreference"": ""Eggetarian"", ""CuisineTypes"": [""South Indian"", ""Continental"", ""Italian""]}",2023-01-12 22:58:51,2023-05-11 16:31:03
2789,Tejas Bedi,tejasbedi400@hotmail.com,7939569682,Apple_ID,Male,1974-01-20,,4.9,"{""FoodPreference"": ""Non-Veg"", ""CuisineTypes"": [""Street Food"", ""Mediterranean""]}",2020-09-29 14:59:56,2025-03-29 01:50:11
10618,Anita Agrawal,anitaagrawal336@yahoo.com,7625390752,GMail_Account,Female,1950-01-19,1973-01-13,3.7,"{""FoodPreference"": ""Non-Veg"", ""CuisineTypes"": [""Continental"", ""South Indian"", ""Mexican""]}",2023-01-23 19:29:03,2024-11-14 23:24:31
16239,Hardik Kapadia,hardikkapadia869@gmail.com,7784113077,Other_EMail,Male,1981-06-23,2011-06-16,3.1,"{""FoodPreference"": ""Non-Veg"", ""CuisineTypes"": [""Street Food"", ""Mediterranean"", ""Italian""]}",2024-12-28 02:31:35,2025-03-12 07:33:48
9619,Ubika Chaudhry,ubikachaudhry918@gmail.com,9160562627,GMail_Account,Female,1949-08-19,,4.1,"{""FoodPreference"": ""Vegan"", ""CuisineTypes"": [""Thai""]}",2022-03-27 03:21:08,2023-03-30 10:33:39
1423,Chaitaly Bhatt,anamikaarya835@hotmail.com,9342835860,Other_EMail,Female,1998-03-24,,4.7,"{""FoodPreference"": ""Vegan"", ""CuisineTypes"": [""South Indian"", ""Street Food"", ""Mexican""]}",2024-03-24 14:17:10,2024-09-29 20:08:22
12324,Jasmit Zacharia,jasmitzacharia345@gmail.com,8959847850,Apple_ID,Other,1967-03-06,1989-02-28,3.2,"{""FoodPreference"": ""Veg"", ""CuisineTypes"": [""Chinese"", ""Thai"", ""Japanese"", ""Italian""]}",2024-08-02 20:16:47,2025-04-10 03:00:26
18721,Neel Gulati,neelgulati501@yahoo.com,9722384068,GMail_Account,Male,1976-05-01,,3.8,"{""FoodPreference"": ""Eggetarian"", ""CuisineTypes"": [""Continental"", ""Chinese"", ""Italian"", ""Street Food"", ""Mexican""]}",2024-06-24 01:24:21,2025-04-04 14:00:41
18584,Balveer Bandi,balveerbandi529@outlook.com,7628387472,Apple_ID,Male,1972-04-30,1996-04-24,4.4,"{""FoodPreference"": ""Eggetarian"", ""CuisineTypes"": [""Street Food"", ""Continental"", ""Chinese"", ""Mediterranean"", ""North Indian""]}",2023-01-26 03:32:58,2023-04-06 00:32:19
7944,Harinakshi Shanker,harinakshishanker175@hotmail.com,7113292342,GMail_Account,Female,1960-07-02,1978-06-28,3.5,"{""FoodPreference"": ""Vegan"", ""CuisineTypes"": [""Continental"", ""North Indian"", ""Mediterranean""]}",2021-05-24 18:26:46,2023-07-15 08:56:32
6563,Ria Pandya,riapandya815@outlook.com,7576005630,GMail_Account,Female,1997-11-03,,4.0,"{""FoodPreference"": ""Vegan"", ""CuisineTypes"": [""South Indian"", ""Thai"", ""Mexican"", ""Chinese"", ""Mediterranean""]}",2021-03-10 15:32:30,2022-08-19 17:30:11
14286,Keya Kapadia,keyakapadia26@hotmail.com,9020696188,Other_EMail,Other,1990-01-14,2012-01-09,4.7,"{""FoodPreference"": ""Non-Veg"", ""CuisineTypes"": [""Japanese"", ""Street Food""]}",2025-04-10 23:30:21,2025-04-12 11:24:24
13952,Lohit Lad,maanavsaini592@hotmail.com,7212779414,Other_EMail,Male,1977-08-02,1997-07-28,3.9,"{""FoodPreference"": ""Non-Veg"", ""CuisineTypes"": [""Italian"", ""Mediterranean"", ""Street Food"", ""Japanese""]}",2024-03-30 14:17:37,2025-01-08 18:24:19
13665,Baghyawati Raja,baghyawatiraja50@hotmail.com,9470376750,Other_EMail,Female,1971-03-24,,4.4,"{""FoodPreference"": ""Vegan"", ""CuisineTypes"": [""South Indian"", ""Thai"", ""Continental""]}",2020-06-30 07:59:52,2025-02-24 17:15:50
665,Vritti Borra,vrittiborra556@hotmail.com,8413528438,Apple_ID,Female,1999-10-05,2024-09-28,5.0,"{""FoodPreference"": ""Eggetarian"", ""CuisineTypes"": [""Mediterranean""]}",2021-04-10 19:42:27,2022-03-02 04:22:30
10718,Chandresh Pingle,chandreshpingle932@outlook.com,8549195122,GMail_Account,Male,1994-11-23,2020-11-16,3.8,"{""FoodPreference"": ""Non-Veg"", ""CuisineTypes"": [""Italian"", ""Chinese"", ""Mediterranean""]}",2024-01-19 22:32:51,2025-02-07 23:34:29
1101,Caleb Dey,calebdey828@hotmail.com,7144075873,Apple_ID,Male,1987-07-18,2009-07-12,4.1,"{""FoodPreference"": ""Eggetarian"", ""CuisineTypes"": [""Street Food"", ""South Indian""]}",2025-02-05 23:39:37,2025-02-18 08:50:45
13876,Ekalinga Sachar,ekalingasachar501@outlook.com,7874299854,Other_EMail,Male,1960-01-07,,4.4,"{""FoodPreference"": ""Vegan"", ""CuisineTypes"": [""Italian"", ""Japanese""]}",2022-08-26 11:33:38,2022-10-14 15:51:41
14394,Dakshesh Gara,daksheshgara324@yahoo.com,9103037266,GMail_Account,Male,1962-06-12,,4.7,"{""FoodPreference"": ""Vegan"", ""CuisineTypes"": [""North Indian"", ""Continental"", ""Italian"", ""South Indian""]}",2025-02-25 12:11:58,2025-04-11 23:20:47
1334,Oliver Pall,oliverpall694@gmail.com,8806066191,GMail_Account,Male,1963-04-06,1985-03-31,4.0,"{""FoodPreference"": ""Vegan"", ""CuisineTypes"": [""South Indian"", ""Italian"", ""Street Food""]}",2024-02-01 18:45:46,2024-11-28 09:03:10
9660,Raksha Nanda,rakshananda957@hotmail.com,8250846162,Apple_ID,Female,1968-10-29,,4.4,"{""FoodPreference"": ""Eggetarian"", ""CuisineTypes"": [""Chinese"", ""Thai""]}",2022-07-17 23:29:49,2024-10-06 01:58:43
10907,Sachi Wagle,sachiwagle530@yahoo.com,7325726679,Apple_ID,Female,1993-05-02,,4.8,"{""FoodPreference"": ""Eggetarian"", ""CuisineTypes"": [""Thai""]}",2020-09-21 17:39:03,2021-05-04 02:37:09
5594,Aarav Lata,shivanshbala416@hotmail.com,7518203632,Other_EMail,Male,1979-02-15,2000-02-10,3.0,"{""FoodPreference"": ""Veg"", ""CuisineTypes"": [""Japanese""]}",2023-03-24 12:08:43,2024-05-15 04:40:07
16315,Sneha Wason,eshanadoshi41@hotmail.com,7578220737,GMail_Account,Female,1981-01-03,2005-12-28,3.5,"{""FoodPreference"": ""Eggetarian"", ""CuisineTypes"": [""Street Food""]}",2022-03-21 20:17:23,2022-04-11 22:34:45
13919,Lucky Chahal,luckychahal692@gmail.com,8511827049,GMail_Account,Male,1956-10-02,1978-09-27,4.0,"{""FoodPreference"": ""Non-Veg"", ""CuisineTypes"": [""Mexican"", ""Italian""]}",2022-06-08 10:46:58,2023-03-19 12:51:28
6609,Samaksh Ganguly,samakshganguly72@gmail.com,8117862970,GMail_Account,Male,1956-04-19,,4.8,"{""FoodPreference"": ""Veg"", ""CuisineTypes"": [""Chinese"", ""Mexican"", ""Japanese"", ""Street Food""]}",2023-06-14 09:52:47,2024-02-01 15:44:46
4587,Udant Bains,udantbains110@gmail.com,7825337777,GMail_Account,Male,1964-10-11,,3.8,"{""FoodPreference"": ""Veg"", ""CuisineTypes"": [""Thai"", ""Continental""]}",2020-11-13 11:22:13,2021-03-23 05:04:50
1812,Amruta Sathe,amrutasathe725@hotmail.com,9609567193,GMail_Account,Female,1989-06-02,2015-05-27,4.6,"{""FoodPreference"": ""Eggetarian"", ""CuisineTypes"": [""Chinese"", ""Continental"", ""Japanese"", ""North Indian""]}",2024-12-26 02:20:00,2025-01-16 10:31:05
18041,Widisha Sachar,widishasachar592@yahoo.com,9612224997,Apple_ID,Female,2004-08-05,,4.8,"{""FoodPreference"": ""Eggetarian"", ""CuisineTypes"": [""Italian"", ""Street Food"", ""Chinese""]}",2020-12-27 20:41:16,2021-06-15 17:19:46
1942,Triya Nagar,triyanagar398@hotmail.com,7256454201,GMail_Account,Female,1958-12-11,1987-12-04,3.1,"{""FoodPreference"": ""Veg"", ""CuisineTypes"": [""South Indian"", ""Street Food""]}",2024-04-06 10:32:28,2024-07-22 12:30:09
4455,Faris Parsa,farisparsa709@hotmail.com,8306807291,GMail_Account,Male,1981-05-19,2005-05-13,3.2,"{""FoodPreference"": ""Veg"", ""CuisineTypes"": [""Mediterranean"", ""Street Food"", ""South Indian"", ""Chinese"", ""North Indian""]}",2020-06-22 13:49:39,2020-07-24 06:39:47
10053,Nathaniel Minhas,faqidyohannan454@yahoo.com,9965311487,GMail_Account,Male,1974-12-29,1997-12-23,4.0,"{""FoodPreference"": ""Veg"", ""CuisineTypes"": [""Japanese"", ""Thai""]}",2022-10-23 05:11:39,2024-05-07 09:07:08
12839,Nidhi Jayaraman,nidhijayaraman872@hotmail.com,9979510420,GMail_Account,Female,1998-06-30,,4.9,"{""FoodPreference"": ""Eggetarian"", ""CuisineTypes"": [""Continental"", ""Mediterranean"", ""Chinese""]}",2022-11-12 09:19:02,2023-09-04 03:49:13
19383,Rushil Jani,rushiljani476@outlook.com,9609083083,Other_EMail,Male,1970-12-22,,3.9,"{""FoodPreference"": ""Non-Veg"", ""CuisineTypes"": [""Mediterranean""]}",2024-04-17 16:19:47,2024-05-03 10:47:10
7717,Jasmit Bhakta,jasmitbhakta856@gmail.com,7312683906,Apple_ID,Female,2002-06-15,,4.9,"{""FoodPreference"": ""Vegan"", ""CuisineTypes"": [""Continental"", ""Chinese"", ""South Indian""]}",2020-06-11 05:01:26,2023-10-15 00:22:25
17650,Jai Guha,jaiguha756@gmail.com,7128060425,Other_EMail,Male,1993-08-22,2020-08-15,4.7,"{""FoodPreference"": ""Non-Veg"", ""CuisineTypes"": [""Italian""]}",2020-11-03 18:13:10,2023-06-17 19:13:00
17877,Kashish Butala,kashishbutala492@outlook.com,9844147183,Apple_ID,Female,1994-12-30,2013-12-25,4.8,"{""FoodPreference"": ""Veg"", ""CuisineTypes"": [""Thai"", ""Italian"", ""Street Food""]}",2022-09-11 15:48:38,2023-07-19 08:57:20
19972,Yashvi Varma,yashvivarma897@outlook.com,7298539195,Apple_ID,Female,1971-08-03,1993-07-28,3.9,"{""FoodPreference"": ""Eggetarian"", ""CuisineTypes"": [""Mediterranean"", ""Japanese"", ""Mexican"", ""Thai""]}",2024-12-15 07:17:52,2024-12-16 03:41:59
1305,Atharv Balakrishnan,atharvbalakrishnan31@outlook.com,7804781912,GMail_Account,Male,2008-06-13,,3.8,"{""FoodPreference"": ""Vegan"", ""CuisineTypes"": [""Thai"", ""Japanese"", ""Street Food"", ""South Indian"", ""North Indian""]}",2024-10-03 15:06:18,2025-03-30 21:13:06
14728,Darpan Lad,udarshsoman900@outlook.com,7065103497,Apple_ID,Male,1960-04-05,1983-03-31,3.7,"{""FoodPreference"": ""Non-Veg"", ""CuisineTypes"": [""Italian"", ""Thai"", ""Chinese"", ""Continental"", ""Mediterranean""]}",2025-04-11 20:41:50,2025-04-22 20:30:10
15020,Chandresh Swamy,faraskeer712@hotmail.com,9639690548,Other_EMail,Male,1968-08-20,1990-08-15,4.2,"{""FoodPreference"": ""Eggetarian"", ""CuisineTypes"": [""Chinese"", ""Street Food"", ""Continental"", ""Japanese""]}",2021-02-07 16:48:31,2025-01-14 01:29:27
4236,Mohini Bobal,qushidhillon47@outlook.com,7457115143,Other_EMail,Female,1955-04-21,1979-04-15,4.8,"{""FoodPreference"": ""Vegan"", ""CuisineTypes"": [""Street Food"", ""Japanese"", ""South Indian"", ""Thai"", ""Chinese""]}",2025-03-16 14:58:50,2025-03-21 21:19:54
10999,Hemal Doshi,hemaldoshi837@hotmail.com,9528613873,Apple_ID,Female,1954-01-27,1975-01-22,3.1,"{""FoodPreference"": ""Eggetarian"", ""CuisineTypes"": [""Continental""]}",2022-05-20 01:34:03,2024-11-02 17:24:18
12418,Samuel Kibe,samuelkibe582@outlook.com,8726472233,Apple_ID,Male,1957-03-31,1985-03-24,3.8,"{""FoodPreference"": ""Vegan"", ""CuisineTypes"": [""Continental"", ""Mexican"", ""Thai"", ""Mediterranean"", ""South Indian""]}",2020-12-18 12:41:55,2025-01-02 21:48:12
16982,Aadi Chand,aadichand227@gmail.com,8512066201,Apple_ID,Male,1989-11-12,2012-11-06,4.9,"{""FoodPreference"": ""Vegan"", ""CuisineTypes"": [""Japanese"", ""Mexican"", ""Chinese""]}",2024-10-02 08:24:11,2024-12-14 07:57:39
11439,Mahika Rege,mahikarege574@gmail.com,8485090826,GMail_Account,Female,2010-04-02,,4.4,"{""FoodPreference"": ""Veg"", ""CuisineTypes"": [""South Indian""]}",2023-11-24 19:52:36,2024-03-17 17:00:49
9394,Joshua Mukherjee,joshuamukherjee631@gmail.com,9402744495,Other_EMail,Male,1958-11-03,1987-10-27,4.1,"{""FoodPreference"": ""Vegan"", ""CuisineTypes"": [""Italian"", ""Mediterranean""]}",2022-01-31 16:59:53,2024-08-11 22:48:23
33,Janaki Mall,janakimall177@gmail.com,9689317076,GMail_Account,Female,1973-03-11,1997-03-05,3.3,"{""FoodPreference"": ""Veg"", ""CuisineTypes"": [""Japanese"", ""Mediterranean"", ""Street Food"", ""Chinese"", ""Mexican""]}",2023-01-13 18:10:37,2023-09-01 13:00:32
6781,Chakradhar Sharma,zashilgulati805@gmail.com,8133717232,GMail_Account,Male,1999-03-26,,4.6,"{""FoodPreference"": ""Veg"", ""CuisineTypes"": [""Mediterranean"", ""Mexican"", ""North Indian""]}",2022-07-04 16:00:25,2025-01-26 17:12:54
15882,Sneha Mohan,snehamohan707@hotmail.com,8834194404,Apple_ID,Female,1951-07-09,,4.1,"{""FoodPreference"": ""Non-Veg"", ""CuisineTypes"": [""Italian"", ""Japanese"", ""Thai""]}",2021-10-18 07:27:13,2022-07-28 17:14:23
16116,Hemang Iyer,hemangiyer672@outlook.com,8438148094,Other_EMail,Male,2006-11-25,,4.1,"{""FoodPreference"": ""Eggetarian"", ""CuisineTypes"": [""Italian""]}",2022-08-07 12:46:40,2024-01-09 23:36:41
10592,Nidra Basu,adyasrinivas512@yahoo.com,8295614609,GMail_Account,Female,1967-02-28,,3.2,"{""FoodPreference"": ""Veg"", ""CuisineTypes"": [""Japanese"", ""Thai""]}",2020-07-02 01:40:21,2021-11-29 12:31:57
18942,William Bhavsar,williambhavsar375@outlook.com,9208198506,GMail_Account,Male,2004-10-08,,3.2,"{""FoodPreference"": ""Vegan"", ""CuisineTypes"": [""Japanese"", ""South Indian""]}",2023-11-29 08:23:06,2025-02-21 22:06:32
7696,Zehaan Zachariah,udarshratta925@yahoo.com,7878658771,Other_EMail,Male,1979-02-17,,4.1,"{""FoodPreference"": ""Eggetarian"", ""CuisineTypes"": [""Italian"", ""Mexican""]}",2023-08-07 13:23:11,2024-06-14 13:01:05
11221,Sanaya Randhawa,sanayarandhawa990@hotmail.com,7491458395,Other_EMail,Female,1970-01-03,1991-12-29,4.4,"{""FoodPreference"": ""Non-Veg"", ""CuisineTypes"": [""North Indian"", ""Street Food"", ""South Indian""]}",2021-01-03 08:49:53,2022-05-09 08:18:16
8394,Qushi Sunder,shravyamann909@outlook.com,9667282694,Apple_ID,Female,1983-10-03,2008-09-26,3.8,"{""FoodPreference"": ""Veg"", ""CuisineTypes"": [""Street Food"", ""Continental""]}",2024-06-06 12:49:06,2025-01-26 17:42:25
15402,Panini Kashyap,paninikashyap638@yahoo.com,7564828378,Apple_ID,Female,1966-11-12,,4.7,"{""FoodPreference"": ""Veg"", ""CuisineTypes"": [""Mediterranean"", ""Italian"", ""Japanese"", ""Mexican"", ""Street Food""]}",2020-08-23 07:36:06,2023-01-19 06:25:38
15537,Yamini Natt,yamininatt905@outlook.com,9963917593,Apple_ID,Female,1993-10-25,2018-10-19,3.4,"{""FoodPreference"": ""Veg"", ""CuisineTypes"": [""Street Food""]}",2021-10-02 21:45:28,2024-07-22 11:51:49
14989,Laksh Raghavan,sarthakmagar482@gmail.com,9232561379,Other_EMail,Male,1975-08-25,,4.8,"{""FoodPreference"": ""Eggetarian"", ""CuisineTypes"": [""Japanese"", ""Mexican""]}",2024-07-15 20:34:45,2024-08-17 06:17:02
6395,Ansh Pillay,ekalingaoza53@hotmail.com,7870452401,GMail_Account,Male,1972-05-01,1995-04-26,3.6,"{""FoodPreference"": ""Eggetarian"", ""CuisineTypes"": [""Mexican"", ""Continental"", ""Italian"", ""North Indian"", ""Japanese""]}",2022-01-06 01:37:03,2024-06-15 08:04:15
6486,Prisha Jayaraman,mohiniyadav288@outlook.com,9831581849,GMail_Account,Female,1989-10-13,2018-10-06,4.3,"{""FoodPreference"": ""Veg"", ""CuisineTypes"": [""Italian""]}",2020-07-05 05:26:21,2025-02-11 10:44:06
4702,Max Wagle,maxwagle46@yahoo.com,7316050918,Apple_ID,Male,1952-11-02,1976-10-27,3.4,"{""FoodPreference"": ""Vegan"", ""CuisineTypes"": [""Mediterranean"", ""North Indian""]}",2023-07-27 09:23:36,2025-01-30 16:46:45
17594,Samar Mistry,samarmistry937@yahoo.com,8725574998,Apple_ID,Male,2006-02-24,,3.5,"{""FoodPreference"": ""Non-Veg"", ""CuisineTypes"": [""Japanese"", ""Continental""]}",2021-01-30 10:00:41,2022-12-08 21:49:04
14268,Advika Parekh,advikaparekh105@hotmail.com,7373763754,GMail_Account,Female,2009-03-15,,4.1,"{""FoodPreference"": ""Eggetarian"", ""CuisineTypes"": [""Mexican"", ""South Indian"", ""Mediterranean"", ""Thai""]}",2020-12-15 02:58:34,2022-10-03 12:37:00
11346,Lipika Bali,turvimuni718@yahoo.com,9249764508,Other_EMail,Female,1964-09-18,1992-09-11,3.9,"{""FoodPreference"": ""Vegan"", ""CuisineTypes"": [""Japanese"", ""South Indian"", ""Mexican"", ""Thai""]}",2022-04-06 20:19:04,2024-06-21 17:09:35
1295,Leena Krishnamurthy,leenakrishnamurthy729@yahoo.com,7851957888,Other_EMail,Female,1984-07-18,2008-07-12,4.1,"{""FoodPreference"": ""Veg"", ""CuisineTypes"": [""Continental"", ""Street Food"", ""South Indian"", ""North Indian"", ""Thai""]}",2021-07-06 06:17:57,2021-10-28 05:55:56
14326,Triveni Subramanian,trivenisubramanian287@hotmail.com,8751843265,Other_EMail,Female,2002-04-02,,3.6,"{""FoodPreference"": ""Non-Veg"", ""CuisineTypes"": [""Thai"", ""Continental"", ""Street Food""]}",2024-12-17 15:47:04,2025-04-10 16:59:17
14574,Neel Garg,neelgarg720@yahoo.com,9865547128,Other_EMail,Male,2005-11-13,,3.6,"{""FoodPreference"": ""Non-Veg"", ""CuisineTypes"": [""Thai"", ""Mexican""]}",2021-01-22 22:31:29,2022-08-01 21:46:55
5982,Krishna Dixit,krishnadixit32@gmail.com,7979045278,GMail_Account,Female,1958-01-06,1981-12-31,4.2,"{""FoodPreference"": ""Eggetarian"", ""CuisineTypes"": [""Street Food""]}",2024-04-20 15:23:34,2024-10-07 04:38:41
17414,Abdul Narain,chandrangupta506@outlook.com,7424552318,Apple_ID,Male,1954-03-27,,3.3,"{""FoodPreference"": ""Non-Veg"", ""CuisineTypes"": [""Mexican"", ""Street Food"", ""North Indian""]}",2021-07-21 02:30:46,2024-07-22 00:33:31
15629,Dayita Kumer,dayitakumer102@outlook.com,9366044549,Other_EMail,Female,1962-11-10,,3.7,"{""FoodPreference"": ""Eggetarian"", ""CuisineTypes"": [""Mediterranean"", ""Street Food"", ""North Indian"", ""Continental""]}",2025-01-27 07:31:31,2025-04-11 11:36:59
11918,Hardik Ahluwalia,hardikahluwalia136@hotmail.com,8843598558,GMail_Account,Male,1950-05-30,1968-05-25,4.1,"{""FoodPreference"": ""Veg"", ""CuisineTypes"": [""Mexican"", ""Continental"", ""Street Food"", ""Mediterranean""]}",2024-09-05 21:03:26,2025-03-10 17:09:28
3207,Eesha Seth,amritakhurana920@gmail.com,8350923291,GMail_Account,Female,1962-10-09,1987-10-03,4.3,"{""FoodPreference"": ""Eggetarian"", ""CuisineTypes"": [""Chinese""]}",2024-09-16 12:43:30,2024-12-10 05:09:15
2239,Urmi Sidhu,urmisidhu696@outlook.com,8735394195,GMail_Account,Female,1960-12-29,1988-12-22,4.3,"{""FoodPreference"": ""Veg"", ""CuisineTypes"": [""Street Food"", ""Italian"", ""Continental""]}",2024-06-22 02:44:06,2024-08-29 15:15:38
19506,Rachana Rattan,rachanarattan909@outlook.com,8639592967,GMail_Account,Female,1958-01-12,1981-01-06,4.2,"{""FoodPreference"": ""Eggetarian"", ""CuisineTypes"": [""Mediterranean"", ""Italian"", ""Continental"", ""North Indian"", ""Mexican""]}",2024-01-25 05:48:47,2024-12-03 05:51:04
7359,Ansh Murthy,anshmurthy16@hotmail.com,8855883192,Other_EMail,Male,1969-09-11,1990-09-06,4.3,"{""FoodPreference"": ""Eggetarian"", ""CuisineTypes"": [""Mexican"", ""Italian"", ""South Indian""]}",2021-05-23 12:36:30,2022-11-14 05:39:39
1369,Nitara Dugar,nitaradugar583@gmail.com,7363613463,Apple_ID,Female,1993-03-08,,4.2,"{""FoodPreference"": ""Eggetarian"", ""CuisineTypes"": [""Street Food"", ""South Indian"", ""Thai"", ""Continental"", ""North Indian""]}",2021-04-01 02:54:47,2022-11-24 16:00:47
8301,Vidhi Ganesh,vidhiganesh976@outlook.com,8163536649,Apple_ID,Female,2006-08-14,,4.2,"{""FoodPreference"": ""Vegan"", ""CuisineTypes"": [""Italian"", ""North Indian""]}",2020-07-28 09:56:22,2024-08-31 17:50:10
2768,Keya Pant,keyapant697@outlook.com,8364013220,Other_EMail,Female,1960-06-25,1983-06-20,4.0,"{""FoodPreference"": ""Eggetarian"", ""CuisineTypes"": [""Italian"", ""Street Food"", ""North Indian""]}",2021-07-16 19:37:18,2024-06-09 20:46:33
188,Panini Dani,paninidani9@gmail.com,9883234018,Apple_ID,Female,1952-06-06,1977-05-31,3.4,"{""FoodPreference"": ""Veg"", ""CuisineTypes"": [""Japanese"", ""Continental""]}",2020-06-03 17:17:12,2021-06-27 18:47:00
4874,Yachana Butala,yachanabutala133@gmail.com,9254382648,Other_EMail,Female,1958-09-17,1988-09-09,3.2,"{""FoodPreference"": ""Vegan"", ""CuisineTypes"": [""South Indian"", ""Street Food"", ""Japanese"", ""Mexican""]}",2024-08-17 14:26:55,2024-09-06 19:41:12
2439,Dhriti Cheema,dhriticheema105@outlook.com,8284592112,GMail_Account,Female,1996-03-02,2022-02-24,4.6,"{""FoodPreference"": ""Non-Veg"", ""CuisineTypes"": [""Thai"", ""Mexican"", ""Japanese"", ""Street Food""]}",2024-02-18 08:18:08,2024-08-22 17:47:02
6047,Inaya Deshpande,inayadeshpande243@outlook.com,8351364765,Apple_ID,Female,1979-03-16,,4.4,"{""FoodPreference"": ""Non-Veg"", ""CuisineTypes"": [""South Indian"", ""Continental""]}",2021-09-02 10:40:11,2024-09-20 22:32:39
7818,Tamanna Jaggi,tamannajaggi701@yahoo.com,9268438688,Other_EMail,Female,1995-04-06,,3.4,"{""FoodPreference"": ""Vegan"", ""CuisineTypes"": [""South Indian"", ""North Indian""]}",2020-05-20 08:51:37,2022-08-25 05:08:52
16518,Vidhi Lall,eeshabrar226@gmail.com,8467864448,Apple_ID,Female,1996-04-23,,4.5,"{""FoodPreference"": ""Eggetarian"", ""CuisineTypes"": [""South Indian"", ""Thai"", ""Italian""]}",2022-01-26 11:52:23,2023-06-03 19:26:14
4329,Gautam Suri,gautamsuri780@yahoo.com,9909292294,GMail_Account,Male,1974-01-29,2002-01-22,4.4,"{""FoodPreference"": ""Eggetarian"", ""CuisineTypes"": [""Mediterranean"", ""Continental"", ""Thai""]}",2022-05-30 17:40:59,2023-04-29 17:05:37
11241,Darsh Manne,victorbajaj891@yahoo.com,7234050143,Apple_ID,Male,2001-11-13,,4.3,"{""FoodPreference"": ""Eggetarian"", ""CuisineTypes"": [""North Indian"", ""South Indian"", ""Street Food""]}",2021-11-30 23:44:30,2023-01-26 07:37:32
15282,Tanmayi Sahota,lajitasarraf501@outlook.com,7498772255,Other_EMail,Female,1995-05-03,2016-04-27,3.7,"{""FoodPreference"": ""Eggetarian"", ""CuisineTypes"": [""Street Food"", ""Thai"", ""Mediterranean"", ""Italian"", ""North Indian""]}",2024-12-22 05:32:55,2025-01-26 05:16:15
18759,Yauvani Srinivasan,yauvanisrinivasan830@yahoo.com,8246337169,Apple_ID,Female,1970-09-22,1991-09-17,4.4,"{""FoodPreference"": ""Eggetarian"", ""CuisineTypes"": [""Thai"", ""Chinese"", ""Mexican""]}",2020-08-30 03:09:50,2021-05-28 06:55:48
6567,Balendra Das,balendradas222@gmail.com,8851160593,GMail_Account,Male,1978-01-22,2002-01-16,4.3,"{""FoodPreference"": ""Non-Veg"", ""CuisineTypes"": [""Chinese"", ""Street Food"", ""Mexican"", ""Thai""]}",2023-10-19 07:35:51,2024-04-28 12:28:56
7198,Qadim Aggarwal,qadimaggarwal554@gmail.com,8540162677,Apple_ID,Male,1983-04-11,,3.5,"{""FoodPreference"": ""Eggetarian"", ""CuisineTypes"": [""Mexican"", ""Mediterranean""]}",2022-07-17 08:52:19,2024-02-15 08:27:22
19805,Ati Kumar,chaayadeshpande307@gmail.com,9615489675,GMail_Account,Female,1990-08-30,2013-08-24,4.1,"{""FoodPreference"": ""Vegan"", ""CuisineTypes"": [""Mediterranean"", ""Japanese""]}",2023-03-01 06:44:49,2024-07-02 23:23:27
19732,Kritika Gole,kritikagole176@gmail.com,9102351343,GMail_Account,Female,1989-03-06,2010-03-01,3.8,"{""FoodPreference"": ""Vegan"", ""CuisineTypes"": [""North Indian"", ""Continental"", ""Street Food""]}",2022-03-25 23:48:17,2025-03-16 01:18:50
1185,Fiyaz Jha,fiyazjha817@yahoo.com,8831883368,Other_EMail,Male,1966-03-20,,4.9,"{""FoodPreference"": ""Veg"", ""CuisineTypes"": [""Mexican"", ""Continental"", ""Italian"", ""South Indian""]}",2024-12-31 21:12:48,2025-03-22 05:19:53
67,Sai Thaman,saithaman110@yahoo.com,8723237067,Other_EMail,Female,1996-10-19,2021-10-13,3.1,"{""FoodPreference"": ""Non-Veg"", ""CuisineTypes"": [""South Indian"", ""Thai"", ""North Indian"", ""Italian""]}",2023-01-09 17:35:25,2023-08-22 08:52:36
17325,Lavanya Yadav,suhanigrewal811@outlook.com,9136769172,Other_EMail,Female,1975-02-01,2001-01-25,3.1,"{""FoodPreference"": ""Veg"", ""CuisineTypes"": [""Chinese"", ""Mediterranean""]}",2023-03-13 00:42:59,2023-06-15 12:39:11
10281,Madhav Raj,madhavraj321@outlook.com,7818094139,Apple_ID,Male,1987-11-08,2012-11-01,4.9,"{""FoodPreference"": ""Vegan"", ""CuisineTypes"": [""South Indian"", ""Street Food"", ""Thai"", ""Mediterranean"", ""Continental""]}",2024-01-01 09:05:24,2024-03-12 17:32:58
796,Gaurangi Rana,gaurangirana222@gmail.com,7831387585,GMail_Account,Female,1977-05-07,2007-04-30,3.5,"{""FoodPreference"": ""Eggetarian"", ""CuisineTypes"": [""Thai""]}",2021-08-18 12:16:56,2022-09-27 11:35:54
10418,Vasudha Hayre,vasudhahayre124@gmail.com,8688236050,Apple_ID,Female,1966-06-29,1990-06-23,4.3,"{""FoodPreference"": ""Non-Veg"", ""CuisineTypes"": [""Mexican"", ""Street Food"", ""Continental"", ""Mediterranean"", ""Thai""]}",2025-04-23 16:28:08,2025-04-23 16:28:22
6725,Oni Suri,haritagarg466@outlook.com,8252717150,Apple_ID,Female,1965-02-28,1995-02-21,5.0,"{""FoodPreference"": ""Veg"", ""CuisineTypes"": [""Japanese"", ""North Indian"", ""South Indian"", ""Italian""]}",2020-08-11 00:37:45,2020-11-22 16:36:41
12626,Dev Sama,peteriyengar500@gmail.com,9384049284,Other_EMail,Male,1977-07-27,2006-07-20,3.8,"{""FoodPreference"": ""Eggetarian"", ""CuisineTypes"": [""North Indian"", ""Mexican"", ""Street Food"", ""Japanese""]}",2024-01-03 17:43:50,2024-12-20 13:11:08
3421,Hamsini Uppal,hamsiniuppal96@hotmail.com,7212855486,GMail_Account,Female,1953-11-05,1977-10-30,3.1,"{""FoodPreference"": ""Eggetarian"", ""CuisineTypes"": [""Thai""]}",2024-01-29 14:58:05,2025-03-26 18:04:39
8736,Edhitha Tank,edhithatank555@outlook.com,8574057079,Apple_ID,Female,1954-12-26,1974-12-21,3.3,"{""FoodPreference"": ""Non-Veg"", ""CuisineTypes"": [""Continental"", ""Street Food""]}",2022-12-01 03:16:13,2023-12-08 01:27:00
15346,Lajita Mukherjee,lajitamukherjee449@hotmail.com,7638009523,Apple_ID,Female,1972-02-26,2002-02-18,3.1,"{""FoodPreference"": ""Veg"", ""CuisineTypes"": [""South Indian"", ""Mediterranean"", ""Thai"", ""Italian"", ""Continental""]}",2024-11-01 18:31:35,2025-03-08 14:33:48
17602,Dayamai Mane,dayamaimane195@gmail.com,9027055648,Other_EMail,Female,2007-08-06,,3.0,"{""FoodPreference"": ""Eggetarian"", ""CuisineTypes"": [""Italian"", ""Chinese"", ""Street Food""]}",2021-09-16 21:32:51,2022-01-18 22:05:16
4773,Yahvi Kadakia,yahvikadakia670@hotmail.com,8233820644,Other_EMail,Female,1959-01-30,1981-01-24,3.3,"{""FoodPreference"": ""Veg"", ""CuisineTypes"": [""South Indian"", ""Mexican"", ""North Indian"", ""Street Food""]}",2021-11-20 16:06:49,2023-12-05 04:37:12
13359,Warda Babu,wardababu255@hotmail.com,7466062710,Apple_ID,Female,1957-11-04,,3.4,"{""FoodPreference"": ""Eggetarian"", ""CuisineTypes"": [""Thai"", ""Chinese"", ""Mexican"", ""Italian""]}",2024-12-18 15:58:53,2025-03-11 20:38:26
16380,Lohit Kala,lohitkala555@hotmail.com,7201735521,GMail_Account,Male,1952-04-24,,4.8,"{""FoodPreference"": ""Non-Veg"", ""CuisineTypes"": [""South Indian"", ""Japanese""]}",2025-03-01 23:34:49,2025-03-30 11:14:31
17862,Shivani Gandhi,shivanigandhi715@yahoo.com,9241166845,Other_EMail,Female,1959-01-29,1985-01-22,4.7,"{""FoodPreference"": ""Eggetarian"", ""CuisineTypes"": [""Mediterranean"", ""Japanese"", ""Mexican"", ""South Indian""]}",2022-03-07 12:32:12,2025-03-11 06:58:27
1257,Bhavna Andra,bhavnaandra832@gmail.com,7193289697,Other_EMail,Female,1971-09-19,,3.8,"{""FoodPreference"": ""Veg"", ""CuisineTypes"": [""Chinese"", ""Street Food""]}",2020-09-20 06:05:23,2023-10-23 21:39:42
14379,Azad Mani,azadmani458@gmail.com,7234339667,Apple_ID,Male,1983-09-09,2011-09-02,4.8,"{""FoodPreference"": ""Vegan"", ""CuisineTypes"": [""Continental"", ""Chinese""]}",2022-02-08 06:07:03,2025-02-15 06:37:04
8777,Yauvani Vig,yauvanivig268@gmail.com,8779184316,GMail_Account,Female,1994-06-12,2020-06-05,4.8,"{""FoodPreference"": ""Vegan"", ""CuisineTypes"": [""Mexican"", ""Chinese"", ""Thai""]}",2021-11-26 06:40:02,2021-12-15 11:29:47
5762,Triveni Dhar,trivenidhar88@hotmail.com,9284763656,Apple_ID,Female,1963-04-18,1983-04-13,4.2,"{""FoodPreference"": ""Non-Veg"", ""CuisineTypes"": [""Thai"", ""Chinese""]}",2021-10-20 06:25:01,2024-01-02 01:44:18
15844,Divya More,divyamore215@yahoo.com,8611509786,GMail_Account,Female,1962-07-03,1991-06-26,3.3,"{""FoodPreference"": ""Veg"", ""CuisineTypes"": [""Japanese"", ""South Indian"", ""Mexican"", ""Italian"", ""Thai""]}",2025-01-12 03:37:51,2025-01-24 04:36:24
2359,Nakul Bakshi,nakulbakshi692@hotmail.com,7820584646,GMail_Account,Male,1987-12-02,2007-11-27,4.7,"{""FoodPreference"": ""Eggetarian"", ""CuisineTypes"": [""South Indian"", ""Continental"", ""Chinese""]}",2020-12-19 14:40:46,2024-12-05 00:58:00
5640,Champak Char,champakchar648@outlook.com,7017233817,Apple_ID,Male,1994-02-02,2013-01-28,3.8,"{""FoodPreference"": ""Eggetarian"", ""CuisineTypes"": [""Chinese"", ""Mediterranean""]}",2022-02-24 07:24:29,2024-10-11 15:36:32
16295,Nidhi Srivastava,ektadhar908@yahoo.com,7839257279,GMail_Account,Other,1954-10-20,1979-10-14,3.2,"{""FoodPreference"": ""Eggetarian"", ""CuisineTypes"": [""Continental"", ""Street Food"", ""Italian""]}",2020-08-06 16:02:28,2021-10-22 15:40:21
7347,Rajata Mody,bishakhakurian751@yahoo.com,7192408854,GMail_Account,Female,2008-08-25,,3.3,"{""FoodPreference"": ""Non-Veg"", ""CuisineTypes"": [""Mediterranean"", ""Italian""]}",2023-01-04 22:28:03,2023-03-17 13:26:37
15394,Lekha Puri,lekhapuri136@yahoo.com,8269925742,Apple_ID,Female,1972-03-30,1993-03-25,3.7,"{""FoodPreference"": ""Veg"", ""CuisineTypes"": [""Italian"", ""Japanese"", ""Thai"", ""Chinese"", ""Mediterranean""]}",2023-05-10 16:49:31,2024-05-31 13:25:25
5089,Qushi Kala,qushikala142@outlook.com,7465792738,GMail_Account,Female,1970-06-12,1993-06-06,4.4,"{""FoodPreference"": ""Veg"", ""CuisineTypes"": [""Chinese"", ""Italian"", ""Mexican"", ""Mediterranean"", ""Street Food""]}",2020-09-19 11:41:37,2022-08-29 13:27:39
5721,Kavya Mangat,kavyamangat524@yahoo.com,8806049665,Other_EMail,Female,2008-06-19,,3.4,"{""FoodPreference"": ""Veg"", ""CuisineTypes"": [""South Indian"", ""North Indian"", ""Chinese"", ""Street Food""]}",2024-03-10 02:34:18,2024-05-03 02:22:17
18289,Ayushman Hora,ayushmanhora695@gmail.com,8721871421,GMail_Account,Male,1955-12-03,1983-11-26,3.4,"{""FoodPreference"": ""Veg"", ""CuisineTypes"": [""North Indian"", ""Italian"", ""South Indian"", ""Continental""]}",2022-11-02 15:51:23,2023-03-27 02:41:58
7362,Triya Sen,triyasen654@gmail.com,9163909749,GMail_Account,Female,1973-06-29,2003-06-22,3.5,"{""FoodPreference"": ""Vegan"", ""CuisineTypes"": [""Street Food"", ""North Indian""]}",2023-08-31 20:10:56,2023-09-09 09:03:24
11531,Irya Chaudry,iryachaudry249@hotmail.com,8563132469,GMail_Account,Female,1984-05-12,2004-05-07,3.6,"{""FoodPreference"": ""Non-Veg"", ""CuisineTypes"": [""Chinese"", ""Continental"", ""Japanese"", ""Italian"", ""North Indian""]}",2021-07-03 11:51:49,2022-06-28 02:55:15
14318,Tarak Sathe,taraksathe549@gmail.com,7592924225,Apple_ID,Male,1958-04-17,1983-04-11,4.6,"{""FoodPreference"": ""Vegan"", ""CuisineTypes"": [""Continental"", ""Japanese"", ""Mediterranean"", ""Chinese"", ""North Indian""]}",2020-10-02 12:55:48,2023-07-26 10:17:14
17462,Nitesh Mody,vihaansharaf328@outlook.com,7088813023,Apple_ID,Male,1998-01-11,2022-01-05,3.7,"{""FoodPreference"": ""Vegan"", ""CuisineTypes"": [""Chinese"", ""Street Food"", ""Italian"", ""Continental"", ""Japanese""]}",2022-08-31 21:48:12,2023-08-15 07:07:53
11610,Lopa Krishnan,lopakrishnan725@outlook.com,7444752163,GMail_Account,Female,2007-01-09,,3.2,"{""FoodPreference"": ""Non-Veg"", ""CuisineTypes"": [""Continental"", ""Italian"", ""Thai""]}",2021-01-04 02:19:10,2021-02-22 16:32:15
11388,Nitara Sodhi,nitarasodhi421@hotmail.com,7851341412,GMail_Account,Female,2003-08-26,,3.3,"{""FoodPreference"": ""Eggetarian"", ""CuisineTypes"": [""North Indian"", ""Thai"", ""Italian"", ""Street Food""]}",2021-03-23 22:53:44,2025-01-26 05:19:47
14508,Chandresh Kumer,faqidjha883@outlook.com,9969221666,Other_EMail,Male,2005-04-23,,4.0,"{""FoodPreference"": ""Veg"", ""CuisineTypes"": [""North Indian"", ""Continental"", ""Mexican"", ""Mediterranean"", ""Thai""]}",2023-10-20 08:33:57,2024-11-30 20:30:15
11332,Azad Sankar,jagdishbajaj225@hotmail.com,8967976258,GMail_Account,Male,1957-12-13,,4.4,"{""FoodPreference"": ""Veg"", ""CuisineTypes"": [""Thai"", ""Mediterranean""]}",2020-09-21 11:17:34,2021-08-19 14:14:00
6540,Charan Khare,charankhare539@outlook.com,9224184298,GMail_Account,Male,2006-05-14,,4.8,"{""FoodPreference"": ""Eggetarian"", ""CuisineTypes"": [""Mediterranean"", ""Chinese""]}",2022-09-24 04:04:26,2025-03-08 17:57:39
1442,Krishna Bhardwaj,krishnabhardwaj570@yahoo.com,8886581719,Other_EMail,Female,1957-02-04,1982-01-29,4.9,"{""FoodPreference"": ""Veg"", ""CuisineTypes"": [""Japanese"", ""North Indian"", ""Mexican""]}",2021-10-04 06:51:31,2025-01-10 12:31:17
7683,Ojasvi Bose,pushtisheth724@outlook.com,7630321602,Apple_ID,Female,1992-06-12,,4.6,"{""FoodPreference"": ""Vegan"", ""CuisineTypes"": [""Continental""]}",2025-04-10 13:31:02,2025-04-16 23:36:41
3181,Sanya Shah,upmarandhawa917@outlook.com,8183684846,GMail_Account,Female,1955-05-01,1981-04-24,4.6,"{""FoodPreference"": ""Eggetarian"", ""CuisineTypes"": [""Japanese"", ""Mediterranean"", ""Thai"", ""Mexican"", ""Continental""]}",2021-01-08 19:34:35,2023-03-15 01:03:27
12739,Vansha Gour,vanshagour720@gmail.com,7177768518,Apple_ID,Female,1971-09-30,1999-09-23,4.3,"{""FoodPreference"": ""Vegan"", ""CuisineTypes"": [""North Indian"", ""Italian""]}",2020-10-01 01:59:06,2024-02-01 00:18:02
8990,Osha Basu,oshabasu36@outlook.com,9099055132,Apple_ID,Female,1995-03-03,,3.6,"{""FoodPreference"": ""Non-Veg"", ""CuisineTypes"": [""Thai"", ""Mexican"", ""Chinese""]}",2024-01-19 00:17:39,2024-11-23 19:54:26
3563,Vedant Maharaj,vedantmaharaj484@outlook.com,8323944048,GMail_Account,Male,2001-06-28,,4.6,"{""FoodPreference"": ""Non-Veg"", ""CuisineTypes"": [""North Indian"", ""Japanese""]}",2024-06-12 12:05:13,2024-12-15 01:08:31
